{"first_layer_weights": [[0.41397308531754395, 0.701801675322858], [0.8910819416396254, 0.6248040169744845], [0.18392269188124521, 0.4439824492063208], [0.45167508436797343, 0.9183430496870392], [0.9151407332031832, 0.04601311018083232], [0.651577240230191, 0.09214866583393178]], "second_layer_weights": [[0.10238130486187946, 0.13489005053954417, 0.19939572102380143, 0.39961921855058036, 0.40967888186504586, 0.09558794486178368]]}