{
    "first_layer_weights": [
        [
            0.48699840060026334,
            0.9791659668432026
        ],
        [
            0.2603587816673447,
            0.7743190254314911
        ],
        [
            0.2836323130055617,
            0.8118524517580054
        ],
        [
            0.25801191917259947,
            0.5564653310134903
        ],
        [
            0.6276746640657602,
            0.8762544977446595
        ],
        [
            0.6971083421581011,
            0.16691173199083909
        ]
    ],
    "second_layer_weights": [
        [
            0.6835726172202251,
            0.8077263559934204,
            0.41307364676058833,
            0.14910448404068977,
            0.22249350306286497,
            0.1920267682888519
        ]
    ]
}